Datetime,DateHourKey,Hour,TimeOfDay,DayNumber,WeekDayNumber,WeekDayName,WeekendFlag,MonthNumber,MonthName,Year,HolidayFlag,HolidayName
2023-12-01 00:00:00,2023120100,0,AM,335,4,Friday,0,12,December,2023,0,Unknown
2023-12-01 01:00:00,2023120101,1,AM,335,4,Friday,0,12,December,2023,0,Unknown
2023-12-01 02:00:00,2023120102,2,AM,335,4,Friday,0,12,December,2023,0,Unknown
2023-12-01 03:00:00,2023120103,3,AM,335,4,Friday,0,12,December,2023,0,Unknown
2023-12-01 04:00:00,2023120104,4,AM,335,4,Friday,0,12,December,2023,0,Unknown
2023-12-01 05:00:00,2023120105,5,AM,335,4,Friday,0,12,December,2023,0,Unknown
2023-12-01 06:00:00,2023120106,6,AM,335,4,Friday,0,12,December,2023,0,Unknown
2023-12-01 07:00:00,2023120107,7,AM,335,4,Friday,0,12,December,2023,0,Unknown
2023-12-01 08:00:00,2023120108,8,AM,335,4,Friday,0,12,December,2023,0,Unknown
2023-12-01 09:00:00,2023120109,9,AM,335,4,Friday,0,12,December,2023,0,Unknown
2023-12-01 10:00:00,2023120110,10,AM,335,4,Friday,0,12,December,2023,0,Unknown
2023-12-01 11:00:00,2023120111,11,AM,335,4,Friday,0,12,December,2023,0,Unknown
2023-12-01 12:00:00,2023120112,12,PM,335,4,Friday,0,12,December,2023,0,Unknown
2023-12-01 13:00:00,2023120113,13,PM,335,4,Friday,0,12,December,2023,0,Unknown
2023-12-01 14:00:00,2023120114,14,PM,335,4,Friday,0,12,December,2023,0,Unknown
2023-12-01 15:00:00,2023120115,15,PM,335,4,Friday,0,12,December,2023,0,Unknown
2023-12-01 16:00:00,2023120116,16,PM,335,4,Friday,0,12,December,2023,0,Unknown
2023-12-01 17:00:00,2023120117,17,PM,335,4,Friday,0,12,December,2023,0,Unknown
2023-12-01 18:00:00,2023120118,18,PM,335,4,Friday,0,12,December,2023,0,Unknown
2023-12-01 19:00:00,2023120119,19,PM,335,4,Friday,0,12,December,2023,0,Unknown
2023-12-01 20:00:00,2023120120,20,PM,335,4,Friday,0,12,December,2023,0,Unknown
2023-12-01 21:00:00,2023120121,21,PM,335,4,Friday,0,12,December,2023,0,Unknown
2023-12-01 22:00:00,2023120122,22,PM,335,4,Friday,0,12,December,2023,0,Unknown
2023-12-01 23:00:00,2023120123,23,PM,335,4,Friday,0,12,December,2023,0,Unknown
2023-12-02 00:00:00,2023120200,0,AM,336,5,Saturday,1,12,December,2023,0,Unknown
2023-12-02 01:00:00,2023120201,1,AM,336,5,Saturday,1,12,December,2023,0,Unknown
2023-12-02 02:00:00,2023120202,2,AM,336,5,Saturday,1,12,December,2023,0,Unknown
2023-12-02 03:00:00,2023120203,3,AM,336,5,Saturday,1,12,December,2023,0,Unknown
2023-12-02 04:00:00,2023120204,4,AM,336,5,Saturday,1,12,December,2023,0,Unknown
2023-12-02 05:00:00,2023120205,5,AM,336,5,Saturday,1,12,December,2023,0,Unknown
2023-12-02 06:00:00,2023120206,6,AM,336,5,Saturday,1,12,December,2023,0,Unknown
2023-12-02 07:00:00,2023120207,7,AM,336,5,Saturday,1,12,December,2023,0,Unknown
2023-12-02 08:00:00,2023120208,8,AM,336,5,Saturday,1,12,December,2023,0,Unknown
2023-12-02 09:00:00,2023120209,9,AM,336,5,Saturday,1,12,December,2023,0,Unknown
2023-12-02 10:00:00,2023120210,10,AM,336,5,Saturday,1,12,December,2023,0,Unknown
2023-12-02 11:00:00,2023120211,11,AM,336,5,Saturday,1,12,December,2023,0,Unknown
2023-12-02 12:00:00,2023120212,12,PM,336,5,Saturday,1,12,December,2023,0,Unknown
2023-12-02 13:00:00,2023120213,13,PM,336,5,Saturday,1,12,December,2023,0,Unknown
2023-12-02 14:00:00,2023120214,14,PM,336,5,Saturday,1,12,December,2023,0,Unknown
2023-12-02 15:00:00,2023120215,15,PM,336,5,Saturday,1,12,December,2023,0,Unknown
2023-12-02 16:00:00,2023120216,16,PM,336,5,Saturday,1,12,December,2023,0,Unknown
2023-12-02 17:00:00,2023120217,17,PM,336,5,Saturday,1,12,December,2023,0,Unknown
2023-12-02 18:00:00,2023120218,18,PM,336,5,Saturday,1,12,December,2023,0,Unknown
2023-12-02 19:00:00,2023120219,19,PM,336,5,Saturday,1,12,December,2023,0,Unknown
2023-12-02 20:00:00,2023120220,20,PM,336,5,Saturday,1,12,December,2023,0,Unknown
2023-12-02 21:00:00,2023120221,21,PM,336,5,Saturday,1,12,December,2023,0,Unknown
2023-12-02 22:00:00,2023120222,22,PM,336,5,Saturday,1,12,December,2023,0,Unknown
2023-12-02 23:00:00,2023120223,23,PM,336,5,Saturday,1,12,December,2023,0,Unknown
2023-12-03 00:00:00,2023120300,0,AM,337,6,Sunday,1,12,December,2023,0,Unknown
2023-12-03 01:00:00,2023120301,1,AM,337,6,Sunday,1,12,December,2023,0,Unknown
2023-12-03 02:00:00,2023120302,2,AM,337,6,Sunday,1,12,December,2023,0,Unknown
2023-12-03 03:00:00,2023120303,3,AM,337,6,Sunday,1,12,December,2023,0,Unknown
2023-12-03 04:00:00,2023120304,4,AM,337,6,Sunday,1,12,December,2023,0,Unknown
2023-12-03 05:00:00,2023120305,5,AM,337,6,Sunday,1,12,December,2023,0,Unknown
2023-12-03 06:00:00,2023120306,6,AM,337,6,Sunday,1,12,December,2023,0,Unknown
2023-12-03 07:00:00,2023120307,7,AM,337,6,Sunday,1,12,December,2023,0,Unknown
2023-12-03 08:00:00,2023120308,8,AM,337,6,Sunday,1,12,December,2023,0,Unknown
2023-12-03 09:00:00,2023120309,9,AM,337,6,Sunday,1,12,December,2023,0,Unknown
2023-12-03 10:00:00,2023120310,10,AM,337,6,Sunday,1,12,December,2023,0,Unknown
2023-12-03 11:00:00,2023120311,11,AM,337,6,Sunday,1,12,December,2023,0,Unknown
2023-12-03 12:00:00,2023120312,12,PM,337,6,Sunday,1,12,December,2023,0,Unknown
2023-12-03 13:00:00,2023120313,13,PM,337,6,Sunday,1,12,December,2023,0,Unknown
2023-12-03 14:00:00,2023120314,14,PM,337,6,Sunday,1,12,December,2023,0,Unknown
2023-12-03 15:00:00,2023120315,15,PM,337,6,Sunday,1,12,December,2023,0,Unknown
2023-12-03 16:00:00,2023120316,16,PM,337,6,Sunday,1,12,December,2023,0,Unknown
2023-12-03 17:00:00,2023120317,17,PM,337,6,Sunday,1,12,December,2023,0,Unknown
2023-12-03 18:00:00,2023120318,18,PM,337,6,Sunday,1,12,December,2023,0,Unknown
2023-12-03 19:00:00,2023120319,19,PM,337,6,Sunday,1,12,December,2023,0,Unknown
2023-12-03 20:00:00,2023120320,20,PM,337,6,Sunday,1,12,December,2023,0,Unknown
2023-12-03 21:00:00,2023120321,21,PM,337,6,Sunday,1,12,December,2023,0,Unknown
2023-12-03 22:00:00,2023120322,22,PM,337,6,Sunday,1,12,December,2023,0,Unknown
2023-12-03 23:00:00,2023120323,23,PM,337,6,Sunday,1,12,December,2023,0,Unknown
2023-12-04 00:00:00,2023120400,0,AM,338,0,Monday,0,12,December,2023,0,Unknown
2023-12-04 01:00:00,2023120401,1,AM,338,0,Monday,0,12,December,2023,0,Unknown
2023-12-04 02:00:00,2023120402,2,AM,338,0,Monday,0,12,December,2023,0,Unknown
2023-12-04 03:00:00,2023120403,3,AM,338,0,Monday,0,12,December,2023,0,Unknown
2023-12-04 04:00:00,2023120404,4,AM,338,0,Monday,0,12,December,2023,0,Unknown
2023-12-04 05:00:00,2023120405,5,AM,338,0,Monday,0,12,December,2023,0,Unknown
2023-12-04 06:00:00,2023120406,6,AM,338,0,Monday,0,12,December,2023,0,Unknown
2023-12-04 07:00:00,2023120407,7,AM,338,0,Monday,0,12,December,2023,0,Unknown
2023-12-04 08:00:00,2023120408,8,AM,338,0,Monday,0,12,December,2023,0,Unknown
2023-12-04 09:00:00,2023120409,9,AM,338,0,Monday,0,12,December,2023,0,Unknown
2023-12-04 10:00:00,2023120410,10,AM,338,0,Monday,0,12,December,2023,0,Unknown
2023-12-04 11:00:00,2023120411,11,AM,338,0,Monday,0,12,December,2023,0,Unknown
2023-12-04 12:00:00,2023120412,12,PM,338,0,Monday,0,12,December,2023,0,Unknown
2023-12-04 13:00:00,2023120413,13,PM,338,0,Monday,0,12,December,2023,0,Unknown
2023-12-04 14:00:00,2023120414,14,PM,338,0,Monday,0,12,December,2023,0,Unknown
2023-12-04 15:00:00,2023120415,15,PM,338,0,Monday,0,12,December,2023,0,Unknown
2023-12-04 16:00:00,2023120416,16,PM,338,0,Monday,0,12,December,2023,0,Unknown
2023-12-04 17:00:00,2023120417,17,PM,338,0,Monday,0,12,December,2023,0,Unknown
2023-12-04 18:00:00,2023120418,18,PM,338,0,Monday,0,12,December,2023,0,Unknown
2023-12-04 19:00:00,2023120419,19,PM,338,0,Monday,0,12,December,2023,0,Unknown
2023-12-04 20:00:00,2023120420,20,PM,338,0,Monday,0,12,December,2023,0,Unknown
2023-12-04 21:00:00,2023120421,21,PM,338,0,Monday,0,12,December,2023,0,Unknown
2023-12-04 22:00:00,2023120422,22,PM,338,0,Monday,0,12,December,2023,0,Unknown
2023-12-04 23:00:00,2023120423,23,PM,338,0,Monday,0,12,December,2023,0,Unknown
2023-12-05 00:00:00,2023120500,0,AM,339,1,Tuesday,0,12,December,2023,0,Unknown
2023-12-05 01:00:00,2023120501,1,AM,339,1,Tuesday,0,12,December,2023,0,Unknown
2023-12-05 02:00:00,2023120502,2,AM,339,1,Tuesday,0,12,December,2023,0,Unknown
2023-12-05 03:00:00,2023120503,3,AM,339,1,Tuesday,0,12,December,2023,0,Unknown
2023-12-05 04:00:00,2023120504,4,AM,339,1,Tuesday,0,12,December,2023,0,Unknown
2023-12-05 05:00:00,2023120505,5,AM,339,1,Tuesday,0,12,December,2023,0,Unknown
2023-12-05 06:00:00,2023120506,6,AM,339,1,Tuesday,0,12,December,2023,0,Unknown
2023-12-05 07:00:00,2023120507,7,AM,339,1,Tuesday,0,12,December,2023,0,Unknown
2023-12-05 08:00:00,2023120508,8,AM,339,1,Tuesday,0,12,December,2023,0,Unknown
2023-12-05 09:00:00,2023120509,9,AM,339,1,Tuesday,0,12,December,2023,0,Unknown
2023-12-05 10:00:00,2023120510,10,AM,339,1,Tuesday,0,12,December,2023,0,Unknown
2023-12-05 11:00:00,2023120511,11,AM,339,1,Tuesday,0,12,December,2023,0,Unknown
2023-12-05 12:00:00,2023120512,12,PM,339,1,Tuesday,0,12,December,2023,0,Unknown
2023-12-05 13:00:00,2023120513,13,PM,339,1,Tuesday,0,12,December,2023,0,Unknown
2023-12-05 14:00:00,2023120514,14,PM,339,1,Tuesday,0,12,December,2023,0,Unknown
2023-12-05 15:00:00,2023120515,15,PM,339,1,Tuesday,0,12,December,2023,0,Unknown
2023-12-05 16:00:00,2023120516,16,PM,339,1,Tuesday,0,12,December,2023,0,Unknown
2023-12-05 17:00:00,2023120517,17,PM,339,1,Tuesday,0,12,December,2023,0,Unknown
2023-12-05 18:00:00,2023120518,18,PM,339,1,Tuesday,0,12,December,2023,0,Unknown
2023-12-05 19:00:00,2023120519,19,PM,339,1,Tuesday,0,12,December,2023,0,Unknown
2023-12-05 20:00:00,2023120520,20,PM,339,1,Tuesday,0,12,December,2023,0,Unknown
2023-12-05 21:00:00,2023120521,21,PM,339,1,Tuesday,0,12,December,2023,0,Unknown
2023-12-05 22:00:00,2023120522,22,PM,339,1,Tuesday,0,12,December,2023,0,Unknown
2023-12-05 23:00:00,2023120523,23,PM,339,1,Tuesday,0,12,December,2023,0,Unknown
2023-12-06 00:00:00,2023120600,0,AM,340,2,Wednesday,0,12,December,2023,0,Unknown
2023-12-06 01:00:00,2023120601,1,AM,340,2,Wednesday,0,12,December,2023,0,Unknown
2023-12-06 02:00:00,2023120602,2,AM,340,2,Wednesday,0,12,December,2023,0,Unknown
2023-12-06 03:00:00,2023120603,3,AM,340,2,Wednesday,0,12,December,2023,0,Unknown
2023-12-06 04:00:00,2023120604,4,AM,340,2,Wednesday,0,12,December,2023,0,Unknown
2023-12-06 05:00:00,2023120605,5,AM,340,2,Wednesday,0,12,December,2023,0,Unknown
2023-12-06 06:00:00,2023120606,6,AM,340,2,Wednesday,0,12,December,2023,0,Unknown
2023-12-06 07:00:00,2023120607,7,AM,340,2,Wednesday,0,12,December,2023,0,Unknown
2023-12-06 08:00:00,2023120608,8,AM,340,2,Wednesday,0,12,December,2023,0,Unknown
2023-12-06 09:00:00,2023120609,9,AM,340,2,Wednesday,0,12,December,2023,0,Unknown
2023-12-06 10:00:00,2023120610,10,AM,340,2,Wednesday,0,12,December,2023,0,Unknown
2023-12-06 11:00:00,2023120611,11,AM,340,2,Wednesday,0,12,December,2023,0,Unknown
2023-12-06 12:00:00,2023120612,12,PM,340,2,Wednesday,0,12,December,2023,0,Unknown
2023-12-06 13:00:00,2023120613,13,PM,340,2,Wednesday,0,12,December,2023,0,Unknown
2023-12-06 14:00:00,2023120614,14,PM,340,2,Wednesday,0,12,December,2023,0,Unknown
2023-12-06 15:00:00,2023120615,15,PM,340,2,Wednesday,0,12,December,2023,0,Unknown
2023-12-06 16:00:00,2023120616,16,PM,340,2,Wednesday,0,12,December,2023,0,Unknown
2023-12-06 17:00:00,2023120617,17,PM,340,2,Wednesday,0,12,December,2023,0,Unknown
2023-12-06 18:00:00,2023120618,18,PM,340,2,Wednesday,0,12,December,2023,0,Unknown
2023-12-06 19:00:00,2023120619,19,PM,340,2,Wednesday,0,12,December,2023,0,Unknown
2023-12-06 20:00:00,2023120620,20,PM,340,2,Wednesday,0,12,December,2023,0,Unknown
2023-12-06 21:00:00,2023120621,21,PM,340,2,Wednesday,0,12,December,2023,0,Unknown
2023-12-06 22:00:00,2023120622,22,PM,340,2,Wednesday,0,12,December,2023,0,Unknown
2023-12-06 23:00:00,2023120623,23,PM,340,2,Wednesday,0,12,December,2023,0,Unknown
2023-12-07 00:00:00,2023120700,0,AM,341,3,Thursday,0,12,December,2023,0,Unknown
2023-12-07 01:00:00,2023120701,1,AM,341,3,Thursday,0,12,December,2023,0,Unknown
2023-12-07 02:00:00,2023120702,2,AM,341,3,Thursday,0,12,December,2023,0,Unknown
2023-12-07 03:00:00,2023120703,3,AM,341,3,Thursday,0,12,December,2023,0,Unknown
2023-12-07 04:00:00,2023120704,4,AM,341,3,Thursday,0,12,December,2023,0,Unknown
2023-12-07 05:00:00,2023120705,5,AM,341,3,Thursday,0,12,December,2023,0,Unknown
2023-12-07 06:00:00,2023120706,6,AM,341,3,Thursday,0,12,December,2023,0,Unknown
2023-12-07 07:00:00,2023120707,7,AM,341,3,Thursday,0,12,December,2023,0,Unknown
2023-12-07 08:00:00,2023120708,8,AM,341,3,Thursday,0,12,December,2023,0,Unknown
2023-12-07 09:00:00,2023120709,9,AM,341,3,Thursday,0,12,December,2023,0,Unknown
2023-12-07 10:00:00,2023120710,10,AM,341,3,Thursday,0,12,December,2023,0,Unknown
2023-12-07 11:00:00,2023120711,11,AM,341,3,Thursday,0,12,December,2023,0,Unknown
2023-12-07 12:00:00,2023120712,12,PM,341,3,Thursday,0,12,December,2023,0,Unknown
2023-12-07 13:00:00,2023120713,13,PM,341,3,Thursday,0,12,December,2023,0,Unknown
2023-12-07 14:00:00,2023120714,14,PM,341,3,Thursday,0,12,December,2023,0,Unknown
2023-12-07 15:00:00,2023120715,15,PM,341,3,Thursday,0,12,December,2023,0,Unknown
2023-12-07 16:00:00,2023120716,16,PM,341,3,Thursday,0,12,December,2023,0,Unknown
2023-12-07 17:00:00,2023120717,17,PM,341,3,Thursday,0,12,December,2023,0,Unknown
2023-12-07 18:00:00,2023120718,18,PM,341,3,Thursday,0,12,December,2023,0,Unknown
2023-12-07 19:00:00,2023120719,19,PM,341,3,Thursday,0,12,December,2023,0,Unknown
2023-12-07 20:00:00,2023120720,20,PM,341,3,Thursday,0,12,December,2023,0,Unknown
2023-12-07 21:00:00,2023120721,21,PM,341,3,Thursday,0,12,December,2023,0,Unknown
2023-12-07 22:00:00,2023120722,22,PM,341,3,Thursday,0,12,December,2023,0,Unknown
2023-12-07 23:00:00,2023120723,23,PM,341,3,Thursday,0,12,December,2023,0,Unknown
2023-12-08 00:00:00,2023120800,0,AM,342,4,Friday,0,12,December,2023,0,Unknown
2023-12-08 01:00:00,2023120801,1,AM,342,4,Friday,0,12,December,2023,0,Unknown
2023-12-08 02:00:00,2023120802,2,AM,342,4,Friday,0,12,December,2023,0,Unknown
2023-12-08 03:00:00,2023120803,3,AM,342,4,Friday,0,12,December,2023,0,Unknown
2023-12-08 04:00:00,2023120804,4,AM,342,4,Friday,0,12,December,2023,0,Unknown
2023-12-08 05:00:00,2023120805,5,AM,342,4,Friday,0,12,December,2023,0,Unknown
2023-12-08 06:00:00,2023120806,6,AM,342,4,Friday,0,12,December,2023,0,Unknown
2023-12-08 07:00:00,2023120807,7,AM,342,4,Friday,0,12,December,2023,0,Unknown
2023-12-08 08:00:00,2023120808,8,AM,342,4,Friday,0,12,December,2023,0,Unknown
2023-12-08 09:00:00,2023120809,9,AM,342,4,Friday,0,12,December,2023,0,Unknown
2023-12-08 10:00:00,2023120810,10,AM,342,4,Friday,0,12,December,2023,0,Unknown
2023-12-08 11:00:00,2023120811,11,AM,342,4,Friday,0,12,December,2023,0,Unknown
2023-12-08 12:00:00,2023120812,12,PM,342,4,Friday,0,12,December,2023,0,Unknown
2023-12-08 13:00:00,2023120813,13,PM,342,4,Friday,0,12,December,2023,0,Unknown
2023-12-08 14:00:00,2023120814,14,PM,342,4,Friday,0,12,December,2023,0,Unknown
2023-12-08 15:00:00,2023120815,15,PM,342,4,Friday,0,12,December,2023,0,Unknown
2023-12-08 16:00:00,2023120816,16,PM,342,4,Friday,0,12,December,2023,0,Unknown
2023-12-08 17:00:00,2023120817,17,PM,342,4,Friday,0,12,December,2023,0,Unknown
2023-12-08 18:00:00,2023120818,18,PM,342,4,Friday,0,12,December,2023,0,Unknown
2023-12-08 19:00:00,2023120819,19,PM,342,4,Friday,0,12,December,2023,0,Unknown
2023-12-08 20:00:00,2023120820,20,PM,342,4,Friday,0,12,December,2023,0,Unknown
2023-12-08 21:00:00,2023120821,21,PM,342,4,Friday,0,12,December,2023,0,Unknown
2023-12-08 22:00:00,2023120822,22,PM,342,4,Friday,0,12,December,2023,0,Unknown
2023-12-08 23:00:00,2023120823,23,PM,342,4,Friday,0,12,December,2023,0,Unknown
2023-12-09 00:00:00,2023120900,0,AM,343,5,Saturday,1,12,December,2023,0,Unknown
2023-12-09 01:00:00,2023120901,1,AM,343,5,Saturday,1,12,December,2023,0,Unknown
2023-12-09 02:00:00,2023120902,2,AM,343,5,Saturday,1,12,December,2023,0,Unknown
2023-12-09 03:00:00,2023120903,3,AM,343,5,Saturday,1,12,December,2023,0,Unknown
2023-12-09 04:00:00,2023120904,4,AM,343,5,Saturday,1,12,December,2023,0,Unknown
2023-12-09 05:00:00,2023120905,5,AM,343,5,Saturday,1,12,December,2023,0,Unknown
2023-12-09 06:00:00,2023120906,6,AM,343,5,Saturday,1,12,December,2023,0,Unknown
2023-12-09 07:00:00,2023120907,7,AM,343,5,Saturday,1,12,December,2023,0,Unknown
2023-12-09 08:00:00,2023120908,8,AM,343,5,Saturday,1,12,December,2023,0,Unknown
2023-12-09 09:00:00,2023120909,9,AM,343,5,Saturday,1,12,December,2023,0,Unknown
2023-12-09 10:00:00,2023120910,10,AM,343,5,Saturday,1,12,December,2023,0,Unknown
2023-12-09 11:00:00,2023120911,11,AM,343,5,Saturday,1,12,December,2023,0,Unknown
2023-12-09 12:00:00,2023120912,12,PM,343,5,Saturday,1,12,December,2023,0,Unknown
2023-12-09 13:00:00,2023120913,13,PM,343,5,Saturday,1,12,December,2023,0,Unknown
2023-12-09 14:00:00,2023120914,14,PM,343,5,Saturday,1,12,December,2023,0,Unknown
2023-12-09 15:00:00,2023120915,15,PM,343,5,Saturday,1,12,December,2023,0,Unknown
2023-12-09 16:00:00,2023120916,16,PM,343,5,Saturday,1,12,December,2023,0,Unknown
2023-12-09 17:00:00,2023120917,17,PM,343,5,Saturday,1,12,December,2023,0,Unknown
2023-12-09 18:00:00,2023120918,18,PM,343,5,Saturday,1,12,December,2023,0,Unknown
2023-12-09 19:00:00,2023120919,19,PM,343,5,Saturday,1,12,December,2023,0,Unknown
2023-12-09 20:00:00,2023120920,20,PM,343,5,Saturday,1,12,December,2023,0,Unknown
2023-12-09 21:00:00,2023120921,21,PM,343,5,Saturday,1,12,December,2023,0,Unknown
2023-12-09 22:00:00,2023120922,22,PM,343,5,Saturday,1,12,December,2023,0,Unknown
2023-12-09 23:00:00,2023120923,23,PM,343,5,Saturday,1,12,December,2023,0,Unknown
2023-12-10 00:00:00,2023121000,0,AM,344,6,Sunday,1,12,December,2023,0,Unknown
2023-12-10 01:00:00,2023121001,1,AM,344,6,Sunday,1,12,December,2023,0,Unknown
2023-12-10 02:00:00,2023121002,2,AM,344,6,Sunday,1,12,December,2023,0,Unknown
2023-12-10 03:00:00,2023121003,3,AM,344,6,Sunday,1,12,December,2023,0,Unknown
2023-12-10 04:00:00,2023121004,4,AM,344,6,Sunday,1,12,December,2023,0,Unknown
2023-12-10 05:00:00,2023121005,5,AM,344,6,Sunday,1,12,December,2023,0,Unknown
2023-12-10 06:00:00,2023121006,6,AM,344,6,Sunday,1,12,December,2023,0,Unknown
2023-12-10 07:00:00,2023121007,7,AM,344,6,Sunday,1,12,December,2023,0,Unknown
2023-12-10 08:00:00,2023121008,8,AM,344,6,Sunday,1,12,December,2023,0,Unknown
2023-12-10 09:00:00,2023121009,9,AM,344,6,Sunday,1,12,December,2023,0,Unknown
2023-12-10 10:00:00,2023121010,10,AM,344,6,Sunday,1,12,December,2023,0,Unknown
2023-12-10 11:00:00,2023121011,11,AM,344,6,Sunday,1,12,December,2023,0,Unknown
2023-12-10 12:00:00,2023121012,12,PM,344,6,Sunday,1,12,December,2023,0,Unknown
2023-12-10 13:00:00,2023121013,13,PM,344,6,Sunday,1,12,December,2023,0,Unknown
2023-12-10 14:00:00,2023121014,14,PM,344,6,Sunday,1,12,December,2023,0,Unknown
2023-12-10 15:00:00,2023121015,15,PM,344,6,Sunday,1,12,December,2023,0,Unknown
2023-12-10 16:00:00,2023121016,16,PM,344,6,Sunday,1,12,December,2023,0,Unknown
2023-12-10 17:00:00,2023121017,17,PM,344,6,Sunday,1,12,December,2023,0,Unknown
2023-12-10 18:00:00,2023121018,18,PM,344,6,Sunday,1,12,December,2023,0,Unknown
2023-12-10 19:00:00,2023121019,19,PM,344,6,Sunday,1,12,December,2023,0,Unknown
2023-12-10 20:00:00,2023121020,20,PM,344,6,Sunday,1,12,December,2023,0,Unknown
2023-12-10 21:00:00,2023121021,21,PM,344,6,Sunday,1,12,December,2023,0,Unknown
2023-12-10 22:00:00,2023121022,22,PM,344,6,Sunday,1,12,December,2023,0,Unknown
2023-12-10 23:00:00,2023121023,23,PM,344,6,Sunday,1,12,December,2023,0,Unknown
2023-12-11 00:00:00,2023121100,0,AM,345,0,Monday,0,12,December,2023,0,Unknown
2023-12-11 01:00:00,2023121101,1,AM,345,0,Monday,0,12,December,2023,0,Unknown
2023-12-11 02:00:00,2023121102,2,AM,345,0,Monday,0,12,December,2023,0,Unknown
2023-12-11 03:00:00,2023121103,3,AM,345,0,Monday,0,12,December,2023,0,Unknown
2023-12-11 04:00:00,2023121104,4,AM,345,0,Monday,0,12,December,2023,0,Unknown
2023-12-11 05:00:00,2023121105,5,AM,345,0,Monday,0,12,December,2023,0,Unknown
2023-12-11 06:00:00,2023121106,6,AM,345,0,Monday,0,12,December,2023,0,Unknown
2023-12-11 07:00:00,2023121107,7,AM,345,0,Monday,0,12,December,2023,0,Unknown
2023-12-11 08:00:00,2023121108,8,AM,345,0,Monday,0,12,December,2023,0,Unknown
2023-12-11 09:00:00,2023121109,9,AM,345,0,Monday,0,12,December,2023,0,Unknown
2023-12-11 10:00:00,2023121110,10,AM,345,0,Monday,0,12,December,2023,0,Unknown
2023-12-11 11:00:00,2023121111,11,AM,345,0,Monday,0,12,December,2023,0,Unknown
2023-12-11 12:00:00,2023121112,12,PM,345,0,Monday,0,12,December,2023,0,Unknown
2023-12-11 13:00:00,2023121113,13,PM,345,0,Monday,0,12,December,2023,0,Unknown
2023-12-11 14:00:00,2023121114,14,PM,345,0,Monday,0,12,December,2023,0,Unknown
2023-12-11 15:00:00,2023121115,15,PM,345,0,Monday,0,12,December,2023,0,Unknown
2023-12-11 16:00:00,2023121116,16,PM,345,0,Monday,0,12,December,2023,0,Unknown
2023-12-11 17:00:00,2023121117,17,PM,345,0,Monday,0,12,December,2023,0,Unknown
2023-12-11 18:00:00,2023121118,18,PM,345,0,Monday,0,12,December,2023,0,Unknown
2023-12-11 19:00:00,2023121119,19,PM,345,0,Monday,0,12,December,2023,0,Unknown
2023-12-11 20:00:00,2023121120,20,PM,345,0,Monday,0,12,December,2023,0,Unknown
2023-12-11 21:00:00,2023121121,21,PM,345,0,Monday,0,12,December,2023,0,Unknown
2023-12-11 22:00:00,2023121122,22,PM,345,0,Monday,0,12,December,2023,0,Unknown
2023-12-11 23:00:00,2023121123,23,PM,345,0,Monday,0,12,December,2023,0,Unknown
2023-12-12 00:00:00,2023121200,0,AM,346,1,Tuesday,0,12,December,2023,0,Unknown
2023-12-12 01:00:00,2023121201,1,AM,346,1,Tuesday,0,12,December,2023,0,Unknown
2023-12-12 02:00:00,2023121202,2,AM,346,1,Tuesday,0,12,December,2023,0,Unknown
2023-12-12 03:00:00,2023121203,3,AM,346,1,Tuesday,0,12,December,2023,0,Unknown
2023-12-12 04:00:00,2023121204,4,AM,346,1,Tuesday,0,12,December,2023,0,Unknown
2023-12-12 05:00:00,2023121205,5,AM,346,1,Tuesday,0,12,December,2023,0,Unknown
2023-12-12 06:00:00,2023121206,6,AM,346,1,Tuesday,0,12,December,2023,0,Unknown
2023-12-12 07:00:00,2023121207,7,AM,346,1,Tuesday,0,12,December,2023,0,Unknown
2023-12-12 08:00:00,2023121208,8,AM,346,1,Tuesday,0,12,December,2023,0,Unknown
2023-12-12 09:00:00,2023121209,9,AM,346,1,Tuesday,0,12,December,2023,0,Unknown
2023-12-12 10:00:00,2023121210,10,AM,346,1,Tuesday,0,12,December,2023,0,Unknown
2023-12-12 11:00:00,2023121211,11,AM,346,1,Tuesday,0,12,December,2023,0,Unknown
2023-12-12 12:00:00,2023121212,12,PM,346,1,Tuesday,0,12,December,2023,0,Unknown
2023-12-12 13:00:00,2023121213,13,PM,346,1,Tuesday,0,12,December,2023,0,Unknown
2023-12-12 14:00:00,2023121214,14,PM,346,1,Tuesday,0,12,December,2023,0,Unknown
2023-12-12 15:00:00,2023121215,15,PM,346,1,Tuesday,0,12,December,2023,0,Unknown
2023-12-12 16:00:00,2023121216,16,PM,346,1,Tuesday,0,12,December,2023,0,Unknown
2023-12-12 17:00:00,2023121217,17,PM,346,1,Tuesday,0,12,December,2023,0,Unknown
2023-12-12 18:00:00,2023121218,18,PM,346,1,Tuesday,0,12,December,2023,0,Unknown
2023-12-12 19:00:00,2023121219,19,PM,346,1,Tuesday,0,12,December,2023,0,Unknown
2023-12-12 20:00:00,2023121220,20,PM,346,1,Tuesday,0,12,December,2023,0,Unknown
2023-12-12 21:00:00,2023121221,21,PM,346,1,Tuesday,0,12,December,2023,0,Unknown
2023-12-12 22:00:00,2023121222,22,PM,346,1,Tuesday,0,12,December,2023,0,Unknown
2023-12-12 23:00:00,2023121223,23,PM,346,1,Tuesday,0,12,December,2023,0,Unknown
2023-12-13 00:00:00,2023121300,0,AM,347,2,Wednesday,0,12,December,2023,0,Unknown
2023-12-13 01:00:00,2023121301,1,AM,347,2,Wednesday,0,12,December,2023,0,Unknown
2023-12-13 02:00:00,2023121302,2,AM,347,2,Wednesday,0,12,December,2023,0,Unknown
2023-12-13 03:00:00,2023121303,3,AM,347,2,Wednesday,0,12,December,2023,0,Unknown
2023-12-13 04:00:00,2023121304,4,AM,347,2,Wednesday,0,12,December,2023,0,Unknown
2023-12-13 05:00:00,2023121305,5,AM,347,2,Wednesday,0,12,December,2023,0,Unknown
2023-12-13 06:00:00,2023121306,6,AM,347,2,Wednesday,0,12,December,2023,0,Unknown
2023-12-13 07:00:00,2023121307,7,AM,347,2,Wednesday,0,12,December,2023,0,Unknown
2023-12-13 08:00:00,2023121308,8,AM,347,2,Wednesday,0,12,December,2023,0,Unknown
2023-12-13 09:00:00,2023121309,9,AM,347,2,Wednesday,0,12,December,2023,0,Unknown
2023-12-13 10:00:00,2023121310,10,AM,347,2,Wednesday,0,12,December,2023,0,Unknown
2023-12-13 11:00:00,2023121311,11,AM,347,2,Wednesday,0,12,December,2023,0,Unknown
2023-12-13 12:00:00,2023121312,12,PM,347,2,Wednesday,0,12,December,2023,0,Unknown
2023-12-13 13:00:00,2023121313,13,PM,347,2,Wednesday,0,12,December,2023,0,Unknown
2023-12-13 14:00:00,2023121314,14,PM,347,2,Wednesday,0,12,December,2023,0,Unknown
2023-12-13 15:00:00,2023121315,15,PM,347,2,Wednesday,0,12,December,2023,0,Unknown
2023-12-13 16:00:00,2023121316,16,PM,347,2,Wednesday,0,12,December,2023,0,Unknown
2023-12-13 17:00:00,2023121317,17,PM,347,2,Wednesday,0,12,December,2023,0,Unknown
2023-12-13 18:00:00,2023121318,18,PM,347,2,Wednesday,0,12,December,2023,0,Unknown
2023-12-13 19:00:00,2023121319,19,PM,347,2,Wednesday,0,12,December,2023,0,Unknown
2023-12-13 20:00:00,2023121320,20,PM,347,2,Wednesday,0,12,December,2023,0,Unknown
2023-12-13 21:00:00,2023121321,21,PM,347,2,Wednesday,0,12,December,2023,0,Unknown
2023-12-13 22:00:00,2023121322,22,PM,347,2,Wednesday,0,12,December,2023,0,Unknown
2023-12-13 23:00:00,2023121323,23,PM,347,2,Wednesday,0,12,December,2023,0,Unknown
2023-12-14 00:00:00,2023121400,0,AM,348,3,Thursday,0,12,December,2023,0,Unknown
2023-12-14 01:00:00,2023121401,1,AM,348,3,Thursday,0,12,December,2023,0,Unknown
2023-12-14 02:00:00,2023121402,2,AM,348,3,Thursday,0,12,December,2023,0,Unknown
2023-12-14 03:00:00,2023121403,3,AM,348,3,Thursday,0,12,December,2023,0,Unknown
2023-12-14 04:00:00,2023121404,4,AM,348,3,Thursday,0,12,December,2023,0,Unknown
2023-12-14 05:00:00,2023121405,5,AM,348,3,Thursday,0,12,December,2023,0,Unknown
2023-12-14 06:00:00,2023121406,6,AM,348,3,Thursday,0,12,December,2023,0,Unknown
2023-12-14 07:00:00,2023121407,7,AM,348,3,Thursday,0,12,December,2023,0,Unknown
2023-12-14 08:00:00,2023121408,8,AM,348,3,Thursday,0,12,December,2023,0,Unknown
2023-12-14 09:00:00,2023121409,9,AM,348,3,Thursday,0,12,December,2023,0,Unknown
2023-12-14 10:00:00,2023121410,10,AM,348,3,Thursday,0,12,December,2023,0,Unknown
2023-12-14 11:00:00,2023121411,11,AM,348,3,Thursday,0,12,December,2023,0,Unknown
2023-12-14 12:00:00,2023121412,12,PM,348,3,Thursday,0,12,December,2023,0,Unknown
2023-12-14 13:00:00,2023121413,13,PM,348,3,Thursday,0,12,December,2023,0,Unknown
2023-12-14 14:00:00,2023121414,14,PM,348,3,Thursday,0,12,December,2023,0,Unknown
2023-12-14 15:00:00,2023121415,15,PM,348,3,Thursday,0,12,December,2023,0,Unknown
2023-12-14 16:00:00,2023121416,16,PM,348,3,Thursday,0,12,December,2023,0,Unknown
2023-12-14 17:00:00,2023121417,17,PM,348,3,Thursday,0,12,December,2023,0,Unknown
2023-12-14 18:00:00,2023121418,18,PM,348,3,Thursday,0,12,December,2023,0,Unknown
2023-12-14 19:00:00,2023121419,19,PM,348,3,Thursday,0,12,December,2023,0,Unknown
2023-12-14 20:00:00,2023121420,20,PM,348,3,Thursday,0,12,December,2023,0,Unknown
2023-12-14 21:00:00,2023121421,21,PM,348,3,Thursday,0,12,December,2023,0,Unknown
2023-12-14 22:00:00,2023121422,22,PM,348,3,Thursday,0,12,December,2023,0,Unknown
2023-12-14 23:00:00,2023121423,23,PM,348,3,Thursday,0,12,December,2023,0,Unknown
2023-12-15 00:00:00,2023121500,0,AM,349,4,Friday,0,12,December,2023,0,Unknown
2023-12-15 01:00:00,2023121501,1,AM,349,4,Friday,0,12,December,2023,0,Unknown
2023-12-15 02:00:00,2023121502,2,AM,349,4,Friday,0,12,December,2023,0,Unknown
2023-12-15 03:00:00,2023121503,3,AM,349,4,Friday,0,12,December,2023,0,Unknown
2023-12-15 04:00:00,2023121504,4,AM,349,4,Friday,0,12,December,2023,0,Unknown
2023-12-15 05:00:00,2023121505,5,AM,349,4,Friday,0,12,December,2023,0,Unknown
2023-12-15 06:00:00,2023121506,6,AM,349,4,Friday,0,12,December,2023,0,Unknown
2023-12-15 07:00:00,2023121507,7,AM,349,4,Friday,0,12,December,2023,0,Unknown
2023-12-15 08:00:00,2023121508,8,AM,349,4,Friday,0,12,December,2023,0,Unknown
2023-12-15 09:00:00,2023121509,9,AM,349,4,Friday,0,12,December,2023,0,Unknown
2023-12-15 10:00:00,2023121510,10,AM,349,4,Friday,0,12,December,2023,0,Unknown
2023-12-15 11:00:00,2023121511,11,AM,349,4,Friday,0,12,December,2023,0,Unknown
2023-12-15 12:00:00,2023121512,12,PM,349,4,Friday,0,12,December,2023,0,Unknown
2023-12-15 13:00:00,2023121513,13,PM,349,4,Friday,0,12,December,2023,0,Unknown
2023-12-15 14:00:00,2023121514,14,PM,349,4,Friday,0,12,December,2023,0,Unknown
2023-12-15 15:00:00,2023121515,15,PM,349,4,Friday,0,12,December,2023,0,Unknown
2023-12-15 16:00:00,2023121516,16,PM,349,4,Friday,0,12,December,2023,0,Unknown
2023-12-15 17:00:00,2023121517,17,PM,349,4,Friday,0,12,December,2023,0,Unknown
2023-12-15 18:00:00,2023121518,18,PM,349,4,Friday,0,12,December,2023,0,Unknown
2023-12-15 19:00:00,2023121519,19,PM,349,4,Friday,0,12,December,2023,0,Unknown
2023-12-15 20:00:00,2023121520,20,PM,349,4,Friday,0,12,December,2023,0,Unknown
2023-12-15 21:00:00,2023121521,21,PM,349,4,Friday,0,12,December,2023,0,Unknown
2023-12-15 22:00:00,2023121522,22,PM,349,4,Friday,0,12,December,2023,0,Unknown
2023-12-15 23:00:00,2023121523,23,PM,349,4,Friday,0,12,December,2023,0,Unknown
2023-12-16 00:00:00,2023121600,0,AM,350,5,Saturday,1,12,December,2023,0,Unknown
2023-12-16 01:00:00,2023121601,1,AM,350,5,Saturday,1,12,December,2023,0,Unknown
2023-12-16 02:00:00,2023121602,2,AM,350,5,Saturday,1,12,December,2023,0,Unknown
2023-12-16 03:00:00,2023121603,3,AM,350,5,Saturday,1,12,December,2023,0,Unknown
2023-12-16 04:00:00,2023121604,4,AM,350,5,Saturday,1,12,December,2023,0,Unknown
2023-12-16 05:00:00,2023121605,5,AM,350,5,Saturday,1,12,December,2023,0,Unknown
2023-12-16 06:00:00,2023121606,6,AM,350,5,Saturday,1,12,December,2023,0,Unknown
2023-12-16 07:00:00,2023121607,7,AM,350,5,Saturday,1,12,December,2023,0,Unknown
2023-12-16 08:00:00,2023121608,8,AM,350,5,Saturday,1,12,December,2023,0,Unknown
2023-12-16 09:00:00,2023121609,9,AM,350,5,Saturday,1,12,December,2023,0,Unknown
2023-12-16 10:00:00,2023121610,10,AM,350,5,Saturday,1,12,December,2023,0,Unknown
2023-12-16 11:00:00,2023121611,11,AM,350,5,Saturday,1,12,December,2023,0,Unknown
2023-12-16 12:00:00,2023121612,12,PM,350,5,Saturday,1,12,December,2023,0,Unknown
2023-12-16 13:00:00,2023121613,13,PM,350,5,Saturday,1,12,December,2023,0,Unknown
2023-12-16 14:00:00,2023121614,14,PM,350,5,Saturday,1,12,December,2023,0,Unknown
2023-12-16 15:00:00,2023121615,15,PM,350,5,Saturday,1,12,December,2023,0,Unknown
2023-12-16 16:00:00,2023121616,16,PM,350,5,Saturday,1,12,December,2023,0,Unknown
2023-12-16 17:00:00,2023121617,17,PM,350,5,Saturday,1,12,December,2023,0,Unknown
2023-12-16 18:00:00,2023121618,18,PM,350,5,Saturday,1,12,December,2023,0,Unknown
2023-12-16 19:00:00,2023121619,19,PM,350,5,Saturday,1,12,December,2023,0,Unknown
2023-12-16 20:00:00,2023121620,20,PM,350,5,Saturday,1,12,December,2023,0,Unknown
2023-12-16 21:00:00,2023121621,21,PM,350,5,Saturday,1,12,December,2023,0,Unknown
2023-12-16 22:00:00,2023121622,22,PM,350,5,Saturday,1,12,December,2023,0,Unknown
2023-12-16 23:00:00,2023121623,23,PM,350,5,Saturday,1,12,December,2023,0,Unknown
2023-12-17 00:00:00,2023121700,0,AM,351,6,Sunday,1,12,December,2023,0,Unknown
2023-12-17 01:00:00,2023121701,1,AM,351,6,Sunday,1,12,December,2023,0,Unknown
2023-12-17 02:00:00,2023121702,2,AM,351,6,Sunday,1,12,December,2023,0,Unknown
2023-12-17 03:00:00,2023121703,3,AM,351,6,Sunday,1,12,December,2023,0,Unknown
2023-12-17 04:00:00,2023121704,4,AM,351,6,Sunday,1,12,December,2023,0,Unknown
2023-12-17 05:00:00,2023121705,5,AM,351,6,Sunday,1,12,December,2023,0,Unknown
2023-12-17 06:00:00,2023121706,6,AM,351,6,Sunday,1,12,December,2023,0,Unknown
2023-12-17 07:00:00,2023121707,7,AM,351,6,Sunday,1,12,December,2023,0,Unknown
2023-12-17 08:00:00,2023121708,8,AM,351,6,Sunday,1,12,December,2023,0,Unknown
2023-12-17 09:00:00,2023121709,9,AM,351,6,Sunday,1,12,December,2023,0,Unknown
2023-12-17 10:00:00,2023121710,10,AM,351,6,Sunday,1,12,December,2023,0,Unknown
2023-12-17 11:00:00,2023121711,11,AM,351,6,Sunday,1,12,December,2023,0,Unknown
2023-12-17 12:00:00,2023121712,12,PM,351,6,Sunday,1,12,December,2023,0,Unknown
2023-12-17 13:00:00,2023121713,13,PM,351,6,Sunday,1,12,December,2023,0,Unknown
2023-12-17 14:00:00,2023121714,14,PM,351,6,Sunday,1,12,December,2023,0,Unknown
2023-12-17 15:00:00,2023121715,15,PM,351,6,Sunday,1,12,December,2023,0,Unknown
2023-12-17 16:00:00,2023121716,16,PM,351,6,Sunday,1,12,December,2023,0,Unknown
2023-12-17 17:00:00,2023121717,17,PM,351,6,Sunday,1,12,December,2023,0,Unknown
2023-12-17 18:00:00,2023121718,18,PM,351,6,Sunday,1,12,December,2023,0,Unknown
2023-12-17 19:00:00,2023121719,19,PM,351,6,Sunday,1,12,December,2023,0,Unknown
2023-12-17 20:00:00,2023121720,20,PM,351,6,Sunday,1,12,December,2023,0,Unknown
2023-12-17 21:00:00,2023121721,21,PM,351,6,Sunday,1,12,December,2023,0,Unknown
2023-12-17 22:00:00,2023121722,22,PM,351,6,Sunday,1,12,December,2023,0,Unknown
2023-12-17 23:00:00,2023121723,23,PM,351,6,Sunday,1,12,December,2023,0,Unknown
2023-12-18 00:00:00,2023121800,0,AM,352,0,Monday,0,12,December,2023,0,Unknown
2023-12-18 01:00:00,2023121801,1,AM,352,0,Monday,0,12,December,2023,0,Unknown
2023-12-18 02:00:00,2023121802,2,AM,352,0,Monday,0,12,December,2023,0,Unknown
2023-12-18 03:00:00,2023121803,3,AM,352,0,Monday,0,12,December,2023,0,Unknown
2023-12-18 04:00:00,2023121804,4,AM,352,0,Monday,0,12,December,2023,0,Unknown
2023-12-18 05:00:00,2023121805,5,AM,352,0,Monday,0,12,December,2023,0,Unknown
2023-12-18 06:00:00,2023121806,6,AM,352,0,Monday,0,12,December,2023,0,Unknown
2023-12-18 07:00:00,2023121807,7,AM,352,0,Monday,0,12,December,2023,0,Unknown
2023-12-18 08:00:00,2023121808,8,AM,352,0,Monday,0,12,December,2023,0,Unknown
2023-12-18 09:00:00,2023121809,9,AM,352,0,Monday,0,12,December,2023,0,Unknown
2023-12-18 10:00:00,2023121810,10,AM,352,0,Monday,0,12,December,2023,0,Unknown
2023-12-18 11:00:00,2023121811,11,AM,352,0,Monday,0,12,December,2023,0,Unknown
2023-12-18 12:00:00,2023121812,12,PM,352,0,Monday,0,12,December,2023,0,Unknown
2023-12-18 13:00:00,2023121813,13,PM,352,0,Monday,0,12,December,2023,0,Unknown
2023-12-18 14:00:00,2023121814,14,PM,352,0,Monday,0,12,December,2023,0,Unknown
2023-12-18 15:00:00,2023121815,15,PM,352,0,Monday,0,12,December,2023,0,Unknown
2023-12-18 16:00:00,2023121816,16,PM,352,0,Monday,0,12,December,2023,0,Unknown
2023-12-18 17:00:00,2023121817,17,PM,352,0,Monday,0,12,December,2023,0,Unknown
2023-12-18 18:00:00,2023121818,18,PM,352,0,Monday,0,12,December,2023,0,Unknown
2023-12-18 19:00:00,2023121819,19,PM,352,0,Monday,0,12,December,2023,0,Unknown
2023-12-18 20:00:00,2023121820,20,PM,352,0,Monday,0,12,December,2023,0,Unknown
2023-12-18 21:00:00,2023121821,21,PM,352,0,Monday,0,12,December,2023,0,Unknown
2023-12-18 22:00:00,2023121822,22,PM,352,0,Monday,0,12,December,2023,0,Unknown
2023-12-18 23:00:00,2023121823,23,PM,352,0,Monday,0,12,December,2023,0,Unknown
2023-12-19 00:00:00,2023121900,0,AM,353,1,Tuesday,0,12,December,2023,0,Unknown
2023-12-19 01:00:00,2023121901,1,AM,353,1,Tuesday,0,12,December,2023,0,Unknown
2023-12-19 02:00:00,2023121902,2,AM,353,1,Tuesday,0,12,December,2023,0,Unknown
2023-12-19 03:00:00,2023121903,3,AM,353,1,Tuesday,0,12,December,2023,0,Unknown
2023-12-19 04:00:00,2023121904,4,AM,353,1,Tuesday,0,12,December,2023,0,Unknown
2023-12-19 05:00:00,2023121905,5,AM,353,1,Tuesday,0,12,December,2023,0,Unknown
2023-12-19 06:00:00,2023121906,6,AM,353,1,Tuesday,0,12,December,2023,0,Unknown
2023-12-19 07:00:00,2023121907,7,AM,353,1,Tuesday,0,12,December,2023,0,Unknown
2023-12-19 08:00:00,2023121908,8,AM,353,1,Tuesday,0,12,December,2023,0,Unknown
2023-12-19 09:00:00,2023121909,9,AM,353,1,Tuesday,0,12,December,2023,0,Unknown
2023-12-19 10:00:00,2023121910,10,AM,353,1,Tuesday,0,12,December,2023,0,Unknown
2023-12-19 11:00:00,2023121911,11,AM,353,1,Tuesday,0,12,December,2023,0,Unknown
2023-12-19 12:00:00,2023121912,12,PM,353,1,Tuesday,0,12,December,2023,0,Unknown
2023-12-19 13:00:00,2023121913,13,PM,353,1,Tuesday,0,12,December,2023,0,Unknown
2023-12-19 14:00:00,2023121914,14,PM,353,1,Tuesday,0,12,December,2023,0,Unknown
2023-12-19 15:00:00,2023121915,15,PM,353,1,Tuesday,0,12,December,2023,0,Unknown
2023-12-19 16:00:00,2023121916,16,PM,353,1,Tuesday,0,12,December,2023,0,Unknown
2023-12-19 17:00:00,2023121917,17,PM,353,1,Tuesday,0,12,December,2023,0,Unknown
2023-12-19 18:00:00,2023121918,18,PM,353,1,Tuesday,0,12,December,2023,0,Unknown
2023-12-19 19:00:00,2023121919,19,PM,353,1,Tuesday,0,12,December,2023,0,Unknown
2023-12-19 20:00:00,2023121920,20,PM,353,1,Tuesday,0,12,December,2023,0,Unknown
2023-12-19 21:00:00,2023121921,21,PM,353,1,Tuesday,0,12,December,2023,0,Unknown
2023-12-19 22:00:00,2023121922,22,PM,353,1,Tuesday,0,12,December,2023,0,Unknown
2023-12-19 23:00:00,2023121923,23,PM,353,1,Tuesday,0,12,December,2023,0,Unknown
2023-12-20 00:00:00,2023122000,0,AM,354,2,Wednesday,0,12,December,2023,0,Unknown
2023-12-20 01:00:00,2023122001,1,AM,354,2,Wednesday,0,12,December,2023,0,Unknown
2023-12-20 02:00:00,2023122002,2,AM,354,2,Wednesday,0,12,December,2023,0,Unknown
2023-12-20 03:00:00,2023122003,3,AM,354,2,Wednesday,0,12,December,2023,0,Unknown
2023-12-20 04:00:00,2023122004,4,AM,354,2,Wednesday,0,12,December,2023,0,Unknown
2023-12-20 05:00:00,2023122005,5,AM,354,2,Wednesday,0,12,December,2023,0,Unknown
2023-12-20 06:00:00,2023122006,6,AM,354,2,Wednesday,0,12,December,2023,0,Unknown
2023-12-20 07:00:00,2023122007,7,AM,354,2,Wednesday,0,12,December,2023,0,Unknown
2023-12-20 08:00:00,2023122008,8,AM,354,2,Wednesday,0,12,December,2023,0,Unknown
2023-12-20 09:00:00,2023122009,9,AM,354,2,Wednesday,0,12,December,2023,0,Unknown
2023-12-20 10:00:00,2023122010,10,AM,354,2,Wednesday,0,12,December,2023,0,Unknown
2023-12-20 11:00:00,2023122011,11,AM,354,2,Wednesday,0,12,December,2023,0,Unknown
2023-12-20 12:00:00,2023122012,12,PM,354,2,Wednesday,0,12,December,2023,0,Unknown
2023-12-20 13:00:00,2023122013,13,PM,354,2,Wednesday,0,12,December,2023,0,Unknown
2023-12-20 14:00:00,2023122014,14,PM,354,2,Wednesday,0,12,December,2023,0,Unknown
2023-12-20 15:00:00,2023122015,15,PM,354,2,Wednesday,0,12,December,2023,0,Unknown
2023-12-20 16:00:00,2023122016,16,PM,354,2,Wednesday,0,12,December,2023,0,Unknown
2023-12-20 17:00:00,2023122017,17,PM,354,2,Wednesday,0,12,December,2023,0,Unknown
2023-12-20 18:00:00,2023122018,18,PM,354,2,Wednesday,0,12,December,2023,0,Unknown
2023-12-20 19:00:00,2023122019,19,PM,354,2,Wednesday,0,12,December,2023,0,Unknown
2023-12-20 20:00:00,2023122020,20,PM,354,2,Wednesday,0,12,December,2023,0,Unknown
2023-12-20 21:00:00,2023122021,21,PM,354,2,Wednesday,0,12,December,2023,0,Unknown
2023-12-20 22:00:00,2023122022,22,PM,354,2,Wednesday,0,12,December,2023,0,Unknown
2023-12-20 23:00:00,2023122023,23,PM,354,2,Wednesday,0,12,December,2023,0,Unknown
2023-12-21 00:00:00,2023122100,0,AM,355,3,Thursday,0,12,December,2023,0,Unknown
2023-12-21 01:00:00,2023122101,1,AM,355,3,Thursday,0,12,December,2023,0,Unknown
2023-12-21 02:00:00,2023122102,2,AM,355,3,Thursday,0,12,December,2023,0,Unknown
2023-12-21 03:00:00,2023122103,3,AM,355,3,Thursday,0,12,December,2023,0,Unknown
2023-12-21 04:00:00,2023122104,4,AM,355,3,Thursday,0,12,December,2023,0,Unknown
2023-12-21 05:00:00,2023122105,5,AM,355,3,Thursday,0,12,December,2023,0,Unknown
2023-12-21 06:00:00,2023122106,6,AM,355,3,Thursday,0,12,December,2023,0,Unknown
2023-12-21 07:00:00,2023122107,7,AM,355,3,Thursday,0,12,December,2023,0,Unknown
2023-12-21 08:00:00,2023122108,8,AM,355,3,Thursday,0,12,December,2023,0,Unknown
2023-12-21 09:00:00,2023122109,9,AM,355,3,Thursday,0,12,December,2023,0,Unknown
2023-12-21 10:00:00,2023122110,10,AM,355,3,Thursday,0,12,December,2023,0,Unknown
2023-12-21 11:00:00,2023122111,11,AM,355,3,Thursday,0,12,December,2023,0,Unknown
2023-12-21 12:00:00,2023122112,12,PM,355,3,Thursday,0,12,December,2023,0,Unknown
2023-12-21 13:00:00,2023122113,13,PM,355,3,Thursday,0,12,December,2023,0,Unknown
2023-12-21 14:00:00,2023122114,14,PM,355,3,Thursday,0,12,December,2023,0,Unknown
2023-12-21 15:00:00,2023122115,15,PM,355,3,Thursday,0,12,December,2023,0,Unknown
2023-12-21 16:00:00,2023122116,16,PM,355,3,Thursday,0,12,December,2023,0,Unknown
2023-12-21 17:00:00,2023122117,17,PM,355,3,Thursday,0,12,December,2023,0,Unknown
2023-12-21 18:00:00,2023122118,18,PM,355,3,Thursday,0,12,December,2023,0,Unknown
2023-12-21 19:00:00,2023122119,19,PM,355,3,Thursday,0,12,December,2023,0,Unknown
2023-12-21 20:00:00,2023122120,20,PM,355,3,Thursday,0,12,December,2023,0,Unknown
2023-12-21 21:00:00,2023122121,21,PM,355,3,Thursday,0,12,December,2023,0,Unknown
2023-12-21 22:00:00,2023122122,22,PM,355,3,Thursday,0,12,December,2023,0,Unknown
2023-12-21 23:00:00,2023122123,23,PM,355,3,Thursday,0,12,December,2023,0,Unknown
2023-12-22 00:00:00,2023122200,0,AM,356,4,Friday,0,12,December,2023,0,Unknown
2023-12-22 01:00:00,2023122201,1,AM,356,4,Friday,0,12,December,2023,0,Unknown
2023-12-22 02:00:00,2023122202,2,AM,356,4,Friday,0,12,December,2023,0,Unknown
2023-12-22 03:00:00,2023122203,3,AM,356,4,Friday,0,12,December,2023,0,Unknown
2023-12-22 04:00:00,2023122204,4,AM,356,4,Friday,0,12,December,2023,0,Unknown
2023-12-22 05:00:00,2023122205,5,AM,356,4,Friday,0,12,December,2023,0,Unknown
2023-12-22 06:00:00,2023122206,6,AM,356,4,Friday,0,12,December,2023,0,Unknown
2023-12-22 07:00:00,2023122207,7,AM,356,4,Friday,0,12,December,2023,0,Unknown
2023-12-22 08:00:00,2023122208,8,AM,356,4,Friday,0,12,December,2023,0,Unknown
2023-12-22 09:00:00,2023122209,9,AM,356,4,Friday,0,12,December,2023,0,Unknown
2023-12-22 10:00:00,2023122210,10,AM,356,4,Friday,0,12,December,2023,0,Unknown
2023-12-22 11:00:00,2023122211,11,AM,356,4,Friday,0,12,December,2023,0,Unknown
2023-12-22 12:00:00,2023122212,12,PM,356,4,Friday,0,12,December,2023,0,Unknown
2023-12-22 13:00:00,2023122213,13,PM,356,4,Friday,0,12,December,2023,0,Unknown
2023-12-22 14:00:00,2023122214,14,PM,356,4,Friday,0,12,December,2023,0,Unknown
2023-12-22 15:00:00,2023122215,15,PM,356,4,Friday,0,12,December,2023,0,Unknown
2023-12-22 16:00:00,2023122216,16,PM,356,4,Friday,0,12,December,2023,0,Unknown
2023-12-22 17:00:00,2023122217,17,PM,356,4,Friday,0,12,December,2023,0,Unknown
2023-12-22 18:00:00,2023122218,18,PM,356,4,Friday,0,12,December,2023,0,Unknown
2023-12-22 19:00:00,2023122219,19,PM,356,4,Friday,0,12,December,2023,0,Unknown
2023-12-22 20:00:00,2023122220,20,PM,356,4,Friday,0,12,December,2023,0,Unknown
2023-12-22 21:00:00,2023122221,21,PM,356,4,Friday,0,12,December,2023,0,Unknown
2023-12-22 22:00:00,2023122222,22,PM,356,4,Friday,0,12,December,2023,0,Unknown
2023-12-22 23:00:00,2023122223,23,PM,356,4,Friday,0,12,December,2023,0,Unknown
2023-12-23 00:00:00,2023122300,0,AM,357,5,Saturday,1,12,December,2023,0,Unknown
2023-12-23 01:00:00,2023122301,1,AM,357,5,Saturday,1,12,December,2023,0,Unknown
2023-12-23 02:00:00,2023122302,2,AM,357,5,Saturday,1,12,December,2023,0,Unknown
2023-12-23 03:00:00,2023122303,3,AM,357,5,Saturday,1,12,December,2023,0,Unknown
2023-12-23 04:00:00,2023122304,4,AM,357,5,Saturday,1,12,December,2023,0,Unknown
2023-12-23 05:00:00,2023122305,5,AM,357,5,Saturday,1,12,December,2023,0,Unknown
2023-12-23 06:00:00,2023122306,6,AM,357,5,Saturday,1,12,December,2023,0,Unknown
2023-12-23 07:00:00,2023122307,7,AM,357,5,Saturday,1,12,December,2023,0,Unknown
2023-12-23 08:00:00,2023122308,8,AM,357,5,Saturday,1,12,December,2023,0,Unknown
2023-12-23 09:00:00,2023122309,9,AM,357,5,Saturday,1,12,December,2023,0,Unknown
2023-12-23 10:00:00,2023122310,10,AM,357,5,Saturday,1,12,December,2023,0,Unknown
2023-12-23 11:00:00,2023122311,11,AM,357,5,Saturday,1,12,December,2023,0,Unknown
2023-12-23 12:00:00,2023122312,12,PM,357,5,Saturday,1,12,December,2023,0,Unknown
2023-12-23 13:00:00,2023122313,13,PM,357,5,Saturday,1,12,December,2023,0,Unknown
2023-12-23 14:00:00,2023122314,14,PM,357,5,Saturday,1,12,December,2023,0,Unknown
2023-12-23 15:00:00,2023122315,15,PM,357,5,Saturday,1,12,December,2023,0,Unknown
2023-12-23 16:00:00,2023122316,16,PM,357,5,Saturday,1,12,December,2023,0,Unknown
2023-12-23 17:00:00,2023122317,17,PM,357,5,Saturday,1,12,December,2023,0,Unknown
2023-12-23 18:00:00,2023122318,18,PM,357,5,Saturday,1,12,December,2023,0,Unknown
2023-12-23 19:00:00,2023122319,19,PM,357,5,Saturday,1,12,December,2023,0,Unknown
2023-12-23 20:00:00,2023122320,20,PM,357,5,Saturday,1,12,December,2023,0,Unknown
2023-12-23 21:00:00,2023122321,21,PM,357,5,Saturday,1,12,December,2023,0,Unknown
2023-12-23 22:00:00,2023122322,22,PM,357,5,Saturday,1,12,December,2023,0,Unknown
2023-12-23 23:00:00,2023122323,23,PM,357,5,Saturday,1,12,December,2023,0,Unknown
2023-12-24 00:00:00,2023122400,0,AM,358,6,Sunday,1,12,December,2023,0,Unknown
2023-12-24 01:00:00,2023122401,1,AM,358,6,Sunday,1,12,December,2023,0,Unknown
2023-12-24 02:00:00,2023122402,2,AM,358,6,Sunday,1,12,December,2023,0,Unknown
2023-12-24 03:00:00,2023122403,3,AM,358,6,Sunday,1,12,December,2023,0,Unknown
2023-12-24 04:00:00,2023122404,4,AM,358,6,Sunday,1,12,December,2023,0,Unknown
2023-12-24 05:00:00,2023122405,5,AM,358,6,Sunday,1,12,December,2023,0,Unknown
2023-12-24 06:00:00,2023122406,6,AM,358,6,Sunday,1,12,December,2023,0,Unknown
2023-12-24 07:00:00,2023122407,7,AM,358,6,Sunday,1,12,December,2023,0,Unknown
2023-12-24 08:00:00,2023122408,8,AM,358,6,Sunday,1,12,December,2023,0,Unknown
2023-12-24 09:00:00,2023122409,9,AM,358,6,Sunday,1,12,December,2023,0,Unknown
2023-12-24 10:00:00,2023122410,10,AM,358,6,Sunday,1,12,December,2023,0,Unknown
2023-12-24 11:00:00,2023122411,11,AM,358,6,Sunday,1,12,December,2023,0,Unknown
2023-12-24 12:00:00,2023122412,12,PM,358,6,Sunday,1,12,December,2023,0,Unknown
2023-12-24 13:00:00,2023122413,13,PM,358,6,Sunday,1,12,December,2023,0,Unknown
2023-12-24 14:00:00,2023122414,14,PM,358,6,Sunday,1,12,December,2023,0,Unknown
2023-12-24 15:00:00,2023122415,15,PM,358,6,Sunday,1,12,December,2023,0,Unknown
2023-12-24 16:00:00,2023122416,16,PM,358,6,Sunday,1,12,December,2023,0,Unknown
2023-12-24 17:00:00,2023122417,17,PM,358,6,Sunday,1,12,December,2023,0,Unknown
2023-12-24 18:00:00,2023122418,18,PM,358,6,Sunday,1,12,December,2023,0,Unknown
2023-12-24 19:00:00,2023122419,19,PM,358,6,Sunday,1,12,December,2023,0,Unknown
2023-12-24 20:00:00,2023122420,20,PM,358,6,Sunday,1,12,December,2023,0,Unknown
2023-12-24 21:00:00,2023122421,21,PM,358,6,Sunday,1,12,December,2023,0,Unknown
2023-12-24 22:00:00,2023122422,22,PM,358,6,Sunday,1,12,December,2023,0,Unknown
2023-12-24 23:00:00,2023122423,23,PM,358,6,Sunday,1,12,December,2023,0,Unknown
2023-12-25 00:00:00,2023122500,0,AM,359,0,Monday,0,12,December,2023,1,Christmas Day
2023-12-25 01:00:00,2023122501,1,AM,359,0,Monday,0,12,December,2023,1,Christmas Day
2023-12-25 02:00:00,2023122502,2,AM,359,0,Monday,0,12,December,2023,1,Christmas Day
2023-12-25 03:00:00,2023122503,3,AM,359,0,Monday,0,12,December,2023,1,Christmas Day
2023-12-25 04:00:00,2023122504,4,AM,359,0,Monday,0,12,December,2023,1,Christmas Day
2023-12-25 05:00:00,2023122505,5,AM,359,0,Monday,0,12,December,2023,1,Christmas Day
2023-12-25 06:00:00,2023122506,6,AM,359,0,Monday,0,12,December,2023,1,Christmas Day
2023-12-25 07:00:00,2023122507,7,AM,359,0,Monday,0,12,December,2023,1,Christmas Day
2023-12-25 08:00:00,2023122508,8,AM,359,0,Monday,0,12,December,2023,1,Christmas Day
2023-12-25 09:00:00,2023122509,9,AM,359,0,Monday,0,12,December,2023,1,Christmas Day
2023-12-25 10:00:00,2023122510,10,AM,359,0,Monday,0,12,December,2023,1,Christmas Day
2023-12-25 11:00:00,2023122511,11,AM,359,0,Monday,0,12,December,2023,1,Christmas Day
2023-12-25 12:00:00,2023122512,12,PM,359,0,Monday,0,12,December,2023,1,Christmas Day
2023-12-25 13:00:00,2023122513,13,PM,359,0,Monday,0,12,December,2023,1,Christmas Day
2023-12-25 14:00:00,2023122514,14,PM,359,0,Monday,0,12,December,2023,1,Christmas Day
2023-12-25 15:00:00,2023122515,15,PM,359,0,Monday,0,12,December,2023,1,Christmas Day
2023-12-25 16:00:00,2023122516,16,PM,359,0,Monday,0,12,December,2023,1,Christmas Day
2023-12-25 17:00:00,2023122517,17,PM,359,0,Monday,0,12,December,2023,1,Christmas Day
2023-12-25 18:00:00,2023122518,18,PM,359,0,Monday,0,12,December,2023,1,Christmas Day
2023-12-25 19:00:00,2023122519,19,PM,359,0,Monday,0,12,December,2023,1,Christmas Day
2023-12-25 20:00:00,2023122520,20,PM,359,0,Monday,0,12,December,2023,1,Christmas Day
2023-12-25 21:00:00,2023122521,21,PM,359,0,Monday,0,12,December,2023,1,Christmas Day
2023-12-25 22:00:00,2023122522,22,PM,359,0,Monday,0,12,December,2023,1,Christmas Day
2023-12-25 23:00:00,2023122523,23,PM,359,0,Monday,0,12,December,2023,1,Christmas Day
2023-12-26 00:00:00,2023122600,0,AM,360,1,Tuesday,0,12,December,2023,0,Unknown
2023-12-26 01:00:00,2023122601,1,AM,360,1,Tuesday,0,12,December,2023,0,Unknown
2023-12-26 02:00:00,2023122602,2,AM,360,1,Tuesday,0,12,December,2023,0,Unknown
2023-12-26 03:00:00,2023122603,3,AM,360,1,Tuesday,0,12,December,2023,0,Unknown
2023-12-26 04:00:00,2023122604,4,AM,360,1,Tuesday,0,12,December,2023,0,Unknown
2023-12-26 05:00:00,2023122605,5,AM,360,1,Tuesday,0,12,December,2023,0,Unknown
2023-12-26 06:00:00,2023122606,6,AM,360,1,Tuesday,0,12,December,2023,0,Unknown
2023-12-26 07:00:00,2023122607,7,AM,360,1,Tuesday,0,12,December,2023,0,Unknown
2023-12-26 08:00:00,2023122608,8,AM,360,1,Tuesday,0,12,December,2023,0,Unknown
2023-12-26 09:00:00,2023122609,9,AM,360,1,Tuesday,0,12,December,2023,0,Unknown
2023-12-26 10:00:00,2023122610,10,AM,360,1,Tuesday,0,12,December,2023,0,Unknown
2023-12-26 11:00:00,2023122611,11,AM,360,1,Tuesday,0,12,December,2023,0,Unknown
2023-12-26 12:00:00,2023122612,12,PM,360,1,Tuesday,0,12,December,2023,0,Unknown
2023-12-26 13:00:00,2023122613,13,PM,360,1,Tuesday,0,12,December,2023,0,Unknown
2023-12-26 14:00:00,2023122614,14,PM,360,1,Tuesday,0,12,December,2023,0,Unknown
2023-12-26 15:00:00,2023122615,15,PM,360,1,Tuesday,0,12,December,2023,0,Unknown
2023-12-26 16:00:00,2023122616,16,PM,360,1,Tuesday,0,12,December,2023,0,Unknown
2023-12-26 17:00:00,2023122617,17,PM,360,1,Tuesday,0,12,December,2023,0,Unknown
2023-12-26 18:00:00,2023122618,18,PM,360,1,Tuesday,0,12,December,2023,0,Unknown
2023-12-26 19:00:00,2023122619,19,PM,360,1,Tuesday,0,12,December,2023,0,Unknown
2023-12-26 20:00:00,2023122620,20,PM,360,1,Tuesday,0,12,December,2023,0,Unknown
2023-12-26 21:00:00,2023122621,21,PM,360,1,Tuesday,0,12,December,2023,0,Unknown
2023-12-26 22:00:00,2023122622,22,PM,360,1,Tuesday,0,12,December,2023,0,Unknown
2023-12-26 23:00:00,2023122623,23,PM,360,1,Tuesday,0,12,December,2023,0,Unknown
2023-12-27 00:00:00,2023122700,0,AM,361,2,Wednesday,0,12,December,2023,0,Unknown
2023-12-27 01:00:00,2023122701,1,AM,361,2,Wednesday,0,12,December,2023,0,Unknown
2023-12-27 02:00:00,2023122702,2,AM,361,2,Wednesday,0,12,December,2023,0,Unknown
2023-12-27 03:00:00,2023122703,3,AM,361,2,Wednesday,0,12,December,2023,0,Unknown
2023-12-27 04:00:00,2023122704,4,AM,361,2,Wednesday,0,12,December,2023,0,Unknown
2023-12-27 05:00:00,2023122705,5,AM,361,2,Wednesday,0,12,December,2023,0,Unknown
2023-12-27 06:00:00,2023122706,6,AM,361,2,Wednesday,0,12,December,2023,0,Unknown
2023-12-27 07:00:00,2023122707,7,AM,361,2,Wednesday,0,12,December,2023,0,Unknown
2023-12-27 08:00:00,2023122708,8,AM,361,2,Wednesday,0,12,December,2023,0,Unknown
2023-12-27 09:00:00,2023122709,9,AM,361,2,Wednesday,0,12,December,2023,0,Unknown
2023-12-27 10:00:00,2023122710,10,AM,361,2,Wednesday,0,12,December,2023,0,Unknown
2023-12-27 11:00:00,2023122711,11,AM,361,2,Wednesday,0,12,December,2023,0,Unknown
2023-12-27 12:00:00,2023122712,12,PM,361,2,Wednesday,0,12,December,2023,0,Unknown
2023-12-27 13:00:00,2023122713,13,PM,361,2,Wednesday,0,12,December,2023,0,Unknown
2023-12-27 14:00:00,2023122714,14,PM,361,2,Wednesday,0,12,December,2023,0,Unknown
2023-12-27 15:00:00,2023122715,15,PM,361,2,Wednesday,0,12,December,2023,0,Unknown
2023-12-27 16:00:00,2023122716,16,PM,361,2,Wednesday,0,12,December,2023,0,Unknown
2023-12-27 17:00:00,2023122717,17,PM,361,2,Wednesday,0,12,December,2023,0,Unknown
2023-12-27 18:00:00,2023122718,18,PM,361,2,Wednesday,0,12,December,2023,0,Unknown
2023-12-27 19:00:00,2023122719,19,PM,361,2,Wednesday,0,12,December,2023,0,Unknown
2023-12-27 20:00:00,2023122720,20,PM,361,2,Wednesday,0,12,December,2023,0,Unknown
2023-12-27 21:00:00,2023122721,21,PM,361,2,Wednesday,0,12,December,2023,0,Unknown
2023-12-27 22:00:00,2023122722,22,PM,361,2,Wednesday,0,12,December,2023,0,Unknown
2023-12-27 23:00:00,2023122723,23,PM,361,2,Wednesday,0,12,December,2023,0,Unknown
2023-12-28 00:00:00,2023122800,0,AM,362,3,Thursday,0,12,December,2023,0,Unknown
2023-12-28 01:00:00,2023122801,1,AM,362,3,Thursday,0,12,December,2023,0,Unknown
2023-12-28 02:00:00,2023122802,2,AM,362,3,Thursday,0,12,December,2023,0,Unknown
2023-12-28 03:00:00,2023122803,3,AM,362,3,Thursday,0,12,December,2023,0,Unknown
2023-12-28 04:00:00,2023122804,4,AM,362,3,Thursday,0,12,December,2023,0,Unknown
2023-12-28 05:00:00,2023122805,5,AM,362,3,Thursday,0,12,December,2023,0,Unknown
2023-12-28 06:00:00,2023122806,6,AM,362,3,Thursday,0,12,December,2023,0,Unknown
2023-12-28 07:00:00,2023122807,7,AM,362,3,Thursday,0,12,December,2023,0,Unknown
2023-12-28 08:00:00,2023122808,8,AM,362,3,Thursday,0,12,December,2023,0,Unknown
2023-12-28 09:00:00,2023122809,9,AM,362,3,Thursday,0,12,December,2023,0,Unknown
2023-12-28 10:00:00,2023122810,10,AM,362,3,Thursday,0,12,December,2023,0,Unknown
2023-12-28 11:00:00,2023122811,11,AM,362,3,Thursday,0,12,December,2023,0,Unknown
2023-12-28 12:00:00,2023122812,12,PM,362,3,Thursday,0,12,December,2023,0,Unknown
2023-12-28 13:00:00,2023122813,13,PM,362,3,Thursday,0,12,December,2023,0,Unknown
2023-12-28 14:00:00,2023122814,14,PM,362,3,Thursday,0,12,December,2023,0,Unknown
2023-12-28 15:00:00,2023122815,15,PM,362,3,Thursday,0,12,December,2023,0,Unknown
2023-12-28 16:00:00,2023122816,16,PM,362,3,Thursday,0,12,December,2023,0,Unknown
2023-12-28 17:00:00,2023122817,17,PM,362,3,Thursday,0,12,December,2023,0,Unknown
2023-12-28 18:00:00,2023122818,18,PM,362,3,Thursday,0,12,December,2023,0,Unknown
2023-12-28 19:00:00,2023122819,19,PM,362,3,Thursday,0,12,December,2023,0,Unknown
2023-12-28 20:00:00,2023122820,20,PM,362,3,Thursday,0,12,December,2023,0,Unknown
2023-12-28 21:00:00,2023122821,21,PM,362,3,Thursday,0,12,December,2023,0,Unknown
2023-12-28 22:00:00,2023122822,22,PM,362,3,Thursday,0,12,December,2023,0,Unknown
2023-12-28 23:00:00,2023122823,23,PM,362,3,Thursday,0,12,December,2023,0,Unknown
2023-12-29 00:00:00,2023122900,0,AM,363,4,Friday,0,12,December,2023,0,Unknown
2023-12-29 01:00:00,2023122901,1,AM,363,4,Friday,0,12,December,2023,0,Unknown
2023-12-29 02:00:00,2023122902,2,AM,363,4,Friday,0,12,December,2023,0,Unknown
2023-12-29 03:00:00,2023122903,3,AM,363,4,Friday,0,12,December,2023,0,Unknown
2023-12-29 04:00:00,2023122904,4,AM,363,4,Friday,0,12,December,2023,0,Unknown
2023-12-29 05:00:00,2023122905,5,AM,363,4,Friday,0,12,December,2023,0,Unknown
2023-12-29 06:00:00,2023122906,6,AM,363,4,Friday,0,12,December,2023,0,Unknown
2023-12-29 07:00:00,2023122907,7,AM,363,4,Friday,0,12,December,2023,0,Unknown
2023-12-29 08:00:00,2023122908,8,AM,363,4,Friday,0,12,December,2023,0,Unknown
2023-12-29 09:00:00,2023122909,9,AM,363,4,Friday,0,12,December,2023,0,Unknown
2023-12-29 10:00:00,2023122910,10,AM,363,4,Friday,0,12,December,2023,0,Unknown
2023-12-29 11:00:00,2023122911,11,AM,363,4,Friday,0,12,December,2023,0,Unknown
2023-12-29 12:00:00,2023122912,12,PM,363,4,Friday,0,12,December,2023,0,Unknown
2023-12-29 13:00:00,2023122913,13,PM,363,4,Friday,0,12,December,2023,0,Unknown
2023-12-29 14:00:00,2023122914,14,PM,363,4,Friday,0,12,December,2023,0,Unknown
2023-12-29 15:00:00,2023122915,15,PM,363,4,Friday,0,12,December,2023,0,Unknown
2023-12-29 16:00:00,2023122916,16,PM,363,4,Friday,0,12,December,2023,0,Unknown
2023-12-29 17:00:00,2023122917,17,PM,363,4,Friday,0,12,December,2023,0,Unknown
2023-12-29 18:00:00,2023122918,18,PM,363,4,Friday,0,12,December,2023,0,Unknown
2023-12-29 19:00:00,2023122919,19,PM,363,4,Friday,0,12,December,2023,0,Unknown
2023-12-29 20:00:00,2023122920,20,PM,363,4,Friday,0,12,December,2023,0,Unknown
2023-12-29 21:00:00,2023122921,21,PM,363,4,Friday,0,12,December,2023,0,Unknown
2023-12-29 22:00:00,2023122922,22,PM,363,4,Friday,0,12,December,2023,0,Unknown
2023-12-29 23:00:00,2023122923,23,PM,363,4,Friday,0,12,December,2023,0,Unknown
2023-12-30 00:00:00,2023123000,0,AM,364,5,Saturday,1,12,December,2023,0,Unknown
2023-12-30 01:00:00,2023123001,1,AM,364,5,Saturday,1,12,December,2023,0,Unknown
2023-12-30 02:00:00,2023123002,2,AM,364,5,Saturday,1,12,December,2023,0,Unknown
2023-12-30 03:00:00,2023123003,3,AM,364,5,Saturday,1,12,December,2023,0,Unknown
2023-12-30 04:00:00,2023123004,4,AM,364,5,Saturday,1,12,December,2023,0,Unknown
2023-12-30 05:00:00,2023123005,5,AM,364,5,Saturday,1,12,December,2023,0,Unknown
2023-12-30 06:00:00,2023123006,6,AM,364,5,Saturday,1,12,December,2023,0,Unknown
2023-12-30 07:00:00,2023123007,7,AM,364,5,Saturday,1,12,December,2023,0,Unknown
2023-12-30 08:00:00,2023123008,8,AM,364,5,Saturday,1,12,December,2023,0,Unknown
2023-12-30 09:00:00,2023123009,9,AM,364,5,Saturday,1,12,December,2023,0,Unknown
2023-12-30 10:00:00,2023123010,10,AM,364,5,Saturday,1,12,December,2023,0,Unknown
2023-12-30 11:00:00,2023123011,11,AM,364,5,Saturday,1,12,December,2023,0,Unknown
2023-12-30 12:00:00,2023123012,12,PM,364,5,Saturday,1,12,December,2023,0,Unknown
2023-12-30 13:00:00,2023123013,13,PM,364,5,Saturday,1,12,December,2023,0,Unknown
2023-12-30 14:00:00,2023123014,14,PM,364,5,Saturday,1,12,December,2023,0,Unknown
2023-12-30 15:00:00,2023123015,15,PM,364,5,Saturday,1,12,December,2023,0,Unknown
2023-12-30 16:00:00,2023123016,16,PM,364,5,Saturday,1,12,December,2023,0,Unknown
2023-12-30 17:00:00,2023123017,17,PM,364,5,Saturday,1,12,December,2023,0,Unknown
2023-12-30 18:00:00,2023123018,18,PM,364,5,Saturday,1,12,December,2023,0,Unknown
2023-12-30 19:00:00,2023123019,19,PM,364,5,Saturday,1,12,December,2023,0,Unknown
2023-12-30 20:00:00,2023123020,20,PM,364,5,Saturday,1,12,December,2023,0,Unknown
2023-12-30 21:00:00,2023123021,21,PM,364,5,Saturday,1,12,December,2023,0,Unknown
2023-12-30 22:00:00,2023123022,22,PM,364,5,Saturday,1,12,December,2023,0,Unknown
2023-12-30 23:00:00,2023123023,23,PM,364,5,Saturday,1,12,December,2023,0,Unknown
2023-12-31 00:00:00,2023123100,0,AM,365,6,Sunday,1,12,December,2023,0,Unknown
2023-12-31 01:00:00,2023123101,1,AM,365,6,Sunday,1,12,December,2023,0,Unknown
2023-12-31 02:00:00,2023123102,2,AM,365,6,Sunday,1,12,December,2023,0,Unknown
2023-12-31 03:00:00,2023123103,3,AM,365,6,Sunday,1,12,December,2023,0,Unknown
2023-12-31 04:00:00,2023123104,4,AM,365,6,Sunday,1,12,December,2023,0,Unknown
2023-12-31 05:00:00,2023123105,5,AM,365,6,Sunday,1,12,December,2023,0,Unknown
2023-12-31 06:00:00,2023123106,6,AM,365,6,Sunday,1,12,December,2023,0,Unknown
2023-12-31 07:00:00,2023123107,7,AM,365,6,Sunday,1,12,December,2023,0,Unknown
2023-12-31 08:00:00,2023123108,8,AM,365,6,Sunday,1,12,December,2023,0,Unknown
2023-12-31 09:00:00,2023123109,9,AM,365,6,Sunday,1,12,December,2023,0,Unknown
2023-12-31 10:00:00,2023123110,10,AM,365,6,Sunday,1,12,December,2023,0,Unknown
2023-12-31 11:00:00,2023123111,11,AM,365,6,Sunday,1,12,December,2023,0,Unknown
2023-12-31 12:00:00,2023123112,12,PM,365,6,Sunday,1,12,December,2023,0,Unknown
2023-12-31 13:00:00,2023123113,13,PM,365,6,Sunday,1,12,December,2023,0,Unknown
2023-12-31 14:00:00,2023123114,14,PM,365,6,Sunday,1,12,December,2023,0,Unknown
2023-12-31 15:00:00,2023123115,15,PM,365,6,Sunday,1,12,December,2023,0,Unknown
2023-12-31 16:00:00,2023123116,16,PM,365,6,Sunday,1,12,December,2023,0,Unknown
2023-12-31 17:00:00,2023123117,17,PM,365,6,Sunday,1,12,December,2023,0,Unknown
2023-12-31 18:00:00,2023123118,18,PM,365,6,Sunday,1,12,December,2023,0,Unknown
2023-12-31 19:00:00,2023123119,19,PM,365,6,Sunday,1,12,December,2023,0,Unknown
2023-12-31 20:00:00,2023123120,20,PM,365,6,Sunday,1,12,December,2023,0,Unknown
2023-12-31 21:00:00,2023123121,21,PM,365,6,Sunday,1,12,December,2023,0,Unknown
2023-12-31 22:00:00,2023123122,22,PM,365,6,Sunday,1,12,December,2023,0,Unknown
2023-12-31 23:00:00,2023123123,23,PM,365,6,Sunday,1,12,December,2023,0,Unknown
